border_pair,model_family,specification,outcome,outcome_label,label,n,clusters,k,covariance,estimate_a_minus_b,se,ci_low,ci_high,p_value,r_squared,auc,ess_a,ess_b
KS-MO,RD sensitivity,Original adjusted,lowest_rating,Lowest rating,Original adjusted,2784,18,51,cluster_25km,0.4025844680611339,0.03738608694382072,0.32930908412836213,0.4758598519939057,4.859084031042772e-27,0.4893903456914739,,,
KS-MO,RD sensitivity,Original adjusted,deck_rating,Deck rating,Original adjusted,2784,18,51,cluster_25km,0.2610779517755102,0.07738502360587252,0.10940609256521816,0.4127498109858022,0.0007415088376539891,0.38428857849108367,,,
KS-MO,RD sensitivity,Original adjusted,superstructure_rating,Superstructure rating,Original adjusted,2784,18,51,cluster_25km,0.3447717297627251,0.0756455416824381,0.19650919247412296,0.4930342670513272,5.171018311604621e-06,0.48767365264019447,,,
KS-MO,RD sensitivity,Original adjusted,substructure_rating,Substructure rating,Original adjusted,2784,18,51,cluster_25km,0.23502792556320928,0.05116872386488463,0.13473906965316024,0.33531678147325833,4.365108630724388e-06,0.4815858641063796,,,
KS-MO,RD sensitivity,Truck-expanded adjusted,lowest_rating,Lowest rating,Truck-expanded adjusted,2784,18,58,cluster_25km,0.4249765062307409,0.041893127477081474,0.34286748517591586,0.5070855272855659,3.51283224378098e-24,0.496000922338774,,,
KS-MO,RD sensitivity,Truck-expanded adjusted,deck_rating,Deck rating,Truck-expanded adjusted,2784,18,58,cluster_25km,0.27654877053142224,0.07970068238510886,0.12033830351334299,0.4327592375495015,0.0005207647219402006,0.3978824126993511,,,
KS-MO,RD sensitivity,Truck-expanded adjusted,superstructure_rating,Superstructure rating,Truck-expanded adjusted,2784,18,58,cluster_25km,0.35808229633121513,0.0942859734125972,0.1732851841952235,0.5428794084672067,0.0001459671390876804,0.4979281263828319,,,
KS-MO,RD sensitivity,Truck-expanded adjusted,substructure_rating,Substructure rating,Truck-expanded adjusted,2784,18,58,cluster_25km,0.2757883418142666,0.046790445744596405,0.1840807533342822,0.367495930294251,3.766911768184305e-09,0.4830155356022463,,,
KS-MO,RD sensitivity,Common-age support (9.0-91.0 y),lowest_rating,Lowest rating,Common-age support (9.0-91.0 y),2452,18,59,cluster_25km,0.5356496190964961,0.057324457588327556,0.4232957467900803,0.6480034914029119,9.261081506162044e-21,0.4348012356060743,,,
KS-MO,RD sensitivity,Common-age support (9.0-91.0 y),deck_rating,Deck rating,Common-age support (9.0-91.0 y),2452,18,59,cluster_25km,0.3802427053912618,0.08632839642893508,0.21104215754745284,0.5494432532350708,1.059755619269942e-05,0.3432412985373823,,,
KS-MO,RD sensitivity,Common-age support (9.0-91.0 y),superstructure_rating,Superstructure rating,Common-age support (9.0-91.0 y),2452,18,59,cluster_25km,0.48179004170917406,0.11691455140836027,0.25264173168013127,0.7109383517382168,3.7743912526169734e-05,0.4406186247810794,,,
KS-MO,RD sensitivity,Common-age support (9.0-91.0 y),substructure_rating,Substructure rating,Common-age support (9.0-91.0 y),2452,18,59,cluster_25km,0.3589792987896532,0.05948197861967468,0.24239676296590928,0.47556183461339707,1.5887073408683795e-09,0.3998970874556389,,,
KS-MO,RD sensitivity,State-owned and state-maintained only,lowest_rating,Lowest rating,State-owned and state-maintained only,1423,18,53,cluster_25km,0.6711889350548703,0.09734557694173301,0.48039511019480086,0.8619827599149398,5.389913723504349e-12,0.5391453750137528,,,
KS-MO,RD sensitivity,State-owned and state-maintained only,deck_rating,Deck rating,State-owned and state-maintained only,1423,18,53,cluster_25km,0.49731754578804616,0.11347366829571694,0.2749132427347964,0.719721848841296,1.1723407742060608e-05,0.4263773084921195,,,
KS-MO,RD sensitivity,State-owned and state-maintained only,superstructure_rating,Superstructure rating,State-owned and state-maintained only,1423,18,53,cluster_25km,0.4361451144965582,0.12850094614664895,0.18428788806980523,0.6880023409233111,0.000688544409496791,0.5374387688834411,,,
KS-MO,RD sensitivity,State-owned and state-maintained only,substructure_rating,Substructure rating,State-owned and state-maintained only,1423,18,53,cluster_25km,0.45320861737999324,0.08051026295331502,0.29541140160564644,0.61100583315434,1.8104417484373854e-08,0.512666308406941,,,
KS-MO,RD sensitivity,Open/unrestricted only,lowest_rating,Lowest rating,Open/unrestricted only,2231,18,59,cluster_25km,0.5024317868332819,0.043651965009815635,0.41687550755964065,0.5879880661069232,1.1755114928562864e-30,0.44715070057227,,,
KS-MO,RD sensitivity,Open/unrestricted only,deck_rating,Deck rating,Open/unrestricted only,2231,18,59,cluster_25km,0.3775887861230337,0.09119709818430122,0.19884575818724015,0.5563318140588273,3.4676170988885084e-05,0.376121502605249,,,
KS-MO,RD sensitivity,Open/unrestricted only,superstructure_rating,Superstructure rating,Open/unrestricted only,2231,18,59,cluster_25km,0.43953976667315764,0.058458564828348054,0.3249630850216955,0.5541164483246197,5.5270359236477293e-14,0.4368529600889841,,,
KS-MO,RD sensitivity,Open/unrestricted only,substructure_rating,Substructure rating,Open/unrestricted only,2231,18,59,cluster_25km,0.27484711803865125,0.06159611556547558,0.15412094994275208,0.39557328613455045,8.11659251748298e-06,0.41718658350051296,,,
KS-MO,Overlap weighting,Expanded overlap weighting,lowest_rating,Lowest rating,Expanded overlap weighting,2784,18,58,cluster_25km,0.4952504749431652,0.06982684532754406,0.3583923729471299,0.6321085769392005,1.316619139409968e-12,0.4597258125499947,0.9088573232323232,654.7716325882875,833.4887521947805
KS-MO,Overlap weighting,Expanded overlap weighting,deck_rating,Deck rating,Expanded overlap weighting,2784,18,58,cluster_25km,0.3560268095723771,0.1307858852225905,0.09969118484991046,0.6123624342948437,0.006484667289142594,0.3616748187296397,0.9088573232323232,654.7716325882875,833.4887521947805
KS-MO,Overlap weighting,Expanded overlap weighting,superstructure_rating,Superstructure rating,Expanded overlap weighting,2784,18,58,cluster_25km,0.3555191080913911,0.10680226853839034,0.1461905082889707,0.5648477078938114,0.000872335733704831,0.47981309651034865,0.9088573232323232,654.7716325882875,833.4887521947805
KS-MO,Overlap weighting,Expanded overlap weighting,substructure_rating,Substructure rating,Expanded overlap weighting,2784,18,58,cluster_25km,0.31101692699134675,0.057019151946009275,0.19926144274815163,0.4227724112345419,4.908194384420769e-08,0.4273564544531715,0.9088573232323232,654.7716325882875,833.4887521947805
