label,n,clusters,covariance,inference_reference,estimate_a_minus_b,se,ci_low,ci_high,p_value,t_p_value,r_squared,border_pair,bandwidth_miles,outcome,outcome_label,specification
5-mi bridge/traffic adjusted,1642,18,cluster_25km,t(17),0.31303302645504133,0.08840166176146065,0.1265218233643599,0.49954422954572275,0.0025104220682629717,0.0025104220682629717,0.5124859407560456,KS-MO,5,lowest_rating,Lowest rating,Bridge/traffic adjusted
5-mi + winter climate,1642,18,cluster_25km,t(17),0.27432611493667364,0.12681091867249278,0.006778463282094693,0.5418737665912525,0.04505689031021465,0.04505689031021465,0.512948122895846,KS-MO,5,lowest_rating,Lowest rating,Climate-adjusted (winter temperature + annual precipitation)
5-mi bridge/traffic adjusted,1642,18,cluster_25km,t(17),0.22217923208302204,0.08633859212750516,0.04002072544421478,0.4043377387218293,0.019737226406652368,0.019737226406652368,0.419886861324954,KS-MO,5,deck_rating,Deck rating,Bridge/traffic adjusted
5-mi + winter climate,1642,18,cluster_25km,t(17),0.15142655768325,0.1534786677326221,-0.17238512636413952,0.47523824173063955,0.3376596843302783,0.3376596843302783,0.4215840910019205,KS-MO,5,deck_rating,Deck rating,Climate-adjusted (winter temperature + annual precipitation)
5-mi bridge/traffic adjusted,1642,18,cluster_25km,t(17),0.3463592120862404,0.12359142424039198,0.08560409993725532,0.6071143242352255,0.012242021825942162,0.012242021825942162,0.5235997233299367,KS-MO,5,superstructure_rating,Superstructure rating,Bridge/traffic adjusted
5-mi + winter climate,1642,18,cluster_25km,t(17),0.18399795938931465,0.14809290219142668,-0.1284507526207029,0.4964466713993322,0.23093702694696075,0.23093702694696075,0.5256481189379176,KS-MO,5,superstructure_rating,Superstructure rating,Climate-adjusted (winter temperature + annual precipitation)
5-mi bridge/traffic adjusted,1642,18,cluster_25km,t(17),0.24352194184336934,0.0902770372172907,0.0530540424016914,0.43398984128504725,0.015254561955435205,0.015254561955435205,0.4808953414433018,KS-MO,5,substructure_rating,Substructure rating,Bridge/traffic adjusted
5-mi + winter climate,1642,18,cluster_25km,t(17),0.2151532329659439,0.11005186657843212,-0.01703590951086581,0.4473423754427536,0.06722703846752262,0.06722703846752262,0.4820290198920585,KS-MO,5,substructure_rating,Substructure rating,Climate-adjusted (winter temperature + annual precipitation)
5-mi + annual climate,1642,18,cluster_25km,t(17),0.2555923479147603,0.12616954756647916,-0.010602128989178894,0.5217868248186995,0.05877787709296382,0.05877787709296382,0.5130130453889119,KS-MO,5,lowest_rating,Lowest rating,Climate-adjusted sensitivity (annual temperature + annual precipitation)
10-mi bridge/traffic adjusted,2784,18,cluster_25km,t(17),0.4249765062307409,0.041893127477081474,0.3365897332754375,0.5133632791860443,1.254494136826762e-08,1.254494136826762e-08,0.496000922338774,KS-MO,10,lowest_rating,Lowest rating,Bridge/traffic adjusted
10-mi + winter climate,2784,18,cluster_25km,t(17),0.3546814250540846,0.06535510344473067,0.21679420971548408,0.49256864039268516,4.5304317557621026e-05,4.5304317557621026e-05,0.49679914233078326,KS-MO,10,lowest_rating,Lowest rating,Climate-adjusted (winter temperature + annual precipitation)
10-mi bridge/traffic adjusted,2784,18,cluster_25km,t(17),0.27654877053142224,0.07970068238510886,0.10839502927137423,0.44470251179147025,0.00292941664707597,0.00292941664707597,0.3978824126993511,KS-MO,10,deck_rating,Deck rating,Bridge/traffic adjusted
10-mi + winter climate,2784,18,cluster_25km,t(17),0.25673736438856576,0.1104090251717232,0.023794683147873474,0.48968004562925804,0.03268863945533637,0.03268863945533637,0.4002704554669624,KS-MO,10,deck_rating,Deck rating,Climate-adjusted (winter temperature + annual precipitation)
10-mi bridge/traffic adjusted,2784,18,cluster_25km,t(17),0.35808229633121513,0.0942859734125972,0.15915628085413974,0.5570083118082905,0.0014375964267519996,0.0014375964267519996,0.4979281263828319,KS-MO,10,superstructure_rating,Superstructure rating,Bridge/traffic adjusted
10-mi + winter climate,2784,18,cluster_25km,t(17),0.24261907742473943,0.11976158826485313,-0.01005578712250732,0.4952939419719862,0.05877049283240768,0.05877049283240768,0.4990019932665545,KS-MO,10,superstructure_rating,Superstructure rating,Climate-adjusted (winter temperature + annual precipitation)
10-mi bridge/traffic adjusted,2784,18,cluster_25km,t(17),0.2757883418142666,0.046790445744596405,0.17706913048855252,0.37450755313998063,1.7679593941647666e-05,1.7679593941647666e-05,0.4830155356022463,KS-MO,10,substructure_rating,Substructure rating,Bridge/traffic adjusted
10-mi + winter climate,2784,18,cluster_25km,t(17),0.2209073335676175,0.08408032360045448,0.04351335704611248,0.3983013100891225,0.01765187536649087,0.01765187536649087,0.48354870149432927,KS-MO,10,substructure_rating,Substructure rating,Climate-adjusted (winter temperature + annual precipitation)
10-mi + annual climate,2784,18,cluster_25km,t(17),0.33815770863236816,0.06884001880928498,0.19291796457020027,0.48339745269453605,0.00013172197883896407,0.00013172197883896407,0.49690019440992284,KS-MO,10,lowest_rating,Lowest rating,Climate-adjusted sensitivity (annual temperature + annual precipitation)
State-agency only + climate,1423,18,cluster_25km,t(17),0.6297085852082167,0.09062127777898078,0.438514401666963,0.8209027687494704,2.3493782915402e-06,2.3493782915402e-06,0.5393750219317011,KS-MO,10,lowest_rating,Lowest rating,State-owned/state-maintained + climate
Common-age + climate,2452,18,cluster_25km,t(17),0.46333625285351876,0.07241803420514069,0.310547556171447,0.6161249495355905,6.614201554512097e-06,6.614201554512097e-06,0.43624403503793785,KS-MO,10,lowest_rating,Lowest rating,Common-age (9.0-91.0 y) + climate
