border_pair,state_a,state_b,bandwidth_miles,n_a,n_b,total_n,min_side_n,mean_abs_smd,max_abs_smd,core_cat_mean_v,core_cat_max_v,min_side_cell_coverage,border_length_km,priority,screening_score,separability_auc_10mi
NJ-PA,NJ,PA,10,1275,1656,2931,1275,0.04263791326340945,0.10061177752765586,0.19900684201541344,0.3284662608801029,1.0,281.86426636051795,High priority,78.18723757926873,0.8765252912759305
KS-MO,KS,MO,10,1200,1584,2784,1200,0.061744020121835594,0.11023808345479877,0.2140887265460038,0.2792477115230017,1.0,441.0740964986868,High priority,77.54843082958992,0.8631670875420876
IN-KY,IN,KY,10,1231,1173,2404,1173,0.21560496912031693,0.379858855664401,0.23807289141646118,0.30884747499876125,1.0,574.6235213080868,High priority,69.37045403486468,0.8923545824927647
ID-MT,ID,MT,10,278,235,513,235,0.06256677624472944,0.16603847723642873,0.18277846409657308,0.22878472668770286,0.7894736842105263,1221.676231123365,High priority,67.44513747926226,0.6730139292821062
OR-WA,OR,WA,10,969,577,1546,577,0.17866375845792373,0.2999208051150667,0.18498428037587797,0.2923025674158857,1.0,665.7965077620302,High priority,66.63151850379053,0.8209887804433094
IA-NE,IA,NE,10,633,668,1301,633,0.144160649016584,0.2665138310638676,0.23764953091640634,0.40320280534933806,1.0,321.2180947995643,High priority,65.51743359023871,0.8798658606956703
AL-MS,AL,MS,10,482,778,1260,482,0.18959874389813375,0.5701472602114324,0.27055821965612165,0.3479964655300848,1.0,545.687981990123,High priority,63.15709077677665,0.7954751517349518
OK-TX,OK,TX,10,789,703,1492,703,0.2142344732848497,0.524102208389072,0.27778700453296823,0.43562617643680007,0.9814814814814815,1513.7593236559067,High priority,63.15605949309373,0.868876280723389
NC-VA,NC,VA,10,657,671,1328,657,0.1848640874826342,0.6274082613298044,0.3185911683675079,0.460380979131836,1.0,522.7959128280556,High priority,62.34272085560644,0.8782457405857361
MA-RI,MA,RI,10,391,458,849,391,0.20444842303302138,0.3123689257071318,0.21753699998118972,0.31182670154613257,1.0,116.36974233590284,High priority,60.60551887847541,0.8314342957238074
CT-MA,CT,MA,10,251,463,714,251,0.23208112381682833,0.47039085744441483,0.28648535118787866,0.40970280304721746,1.0,151.6818436894456,High priority,55.00082654526486,0.8296748212334248
DE-MD,DE,MD,10,201,232,433,201,0.17318640049495607,0.2116441386266199,0.2709627117071925,0.3996226102368809,1.0,202.87859784109526,High priority,54.45940844334481,0.8892605935838052
NE-SD,NE,SD,10,325,215,540,215,0.23995696525138138,0.47546287078783567,0.32235843286911114,0.43757844526777234,0.9047619047619048,674.1689638841591,High priority,50.37333063166843,0.8610232558139533
