state,county_code,temp_jan_f,temp_feb_f,temp_mar_f,temp_apr_f,temp_may_f,temp_jun_f,temp_jul_f,temp_aug_f,temp_sep_f,temp_oct_f,temp_nov_f,temp_dec_f,precip_jan_in,precip_feb_in,precip_mar_in,precip_apr_in,precip_may_in,precip_jun_in,precip_jul_in,precip_aug_in,precip_sep_in,precip_oct_in,precip_nov_in,precip_dec_in,annual_mean_temp_f,winter_djf_mean_temp_f,annual_precip_in,temp_source_url,precip_source_url,period_note
KS,005,27.8,32.7,43.7,53.9,64.1,73.6,77.8,76.0,67.6,55.6,42.5,31.8,0.82,1.22,2.17,3.71,5.07,4.92,4.9,4.12,3.53,3.05,1.87,1.36,53.925000000000004,30.76666666666667,36.74,https://www.ncei.noaa.gov/monitoring-content/data/us/climdiv/monthly/current/climdiv-norm-tmpccy-v1.0.0-20260707,https://www.ncei.noaa.gov/monitoring-content/data/us/climdiv/monthly/current/climdiv-norm-pcpncy-v1.0.0-20260707,NOAA nClimDiv 1991-2020 long-term monthly averages ('normals' for convenience; not NCEI Normals Program official normals)
KS,011,32.5,37.2,47.0,56.4,65.5,74.9,79.3,78.1,69.8,58.0,46.1,36.1,1.49,1.73,2.88,4.51,6.04,5.5,4.45,3.86,4.43,3.47,2.78,2.07,56.74166666666667,35.266666666666666,43.21,https://www.ncei.noaa.gov/monitoring-content/data/us/climdiv/monthly/current/climdiv-norm-tmpccy-v1.0.0-20260707,https://www.ncei.noaa.gov/monitoring-content/data/us/climdiv/monthly/current/climdiv-norm-pcpncy-v1.0.0-20260707,NOAA nClimDiv 1991-2020 long-term monthly averages ('normals' for convenience; not NCEI Normals Program official normals)
KS,013,26.7,31.5,42.8,53.1,63.6,73.2,77.2,75.2,67.1,55.0,41.6,30.8,0.73,1.12,2.14,3.58,4.98,4.73,4.91,3.94,3.45,2.84,1.76,1.26,53.150000000000006,29.666666666666668,35.44,https://www.ncei.noaa.gov/monitoring-content/data/us/climdiv/monthly/current/climdiv-norm-tmpccy-v1.0.0-20260707,https://www.ncei.noaa.gov/monitoring-content/data/us/climdiv/monthly/current/climdiv-norm-pcpncy-v1.0.0-20260707,NOAA nClimDiv 1991-2020 long-term monthly averages ('normals' for convenience; not NCEI Normals Program official normals)
KS,021,34.8,39.4,48.7,57.7,66.5,75.7,80.1,78.9,70.7,59.2,47.7,38.0,1.78,1.87,3.25,4.87,6.62,5.36,4.01,3.77,4.56,3.81,3.06,2.33,58.116666666666674,37.4,45.29,https://www.ncei.noaa.gov/monitoring-content/data/us/climdiv/monthly/current/climdiv-norm-tmpccy-v1.0.0-20260707,https://www.ncei.noaa.gov/monitoring-content/data/us/climdiv/monthly/current/climdiv-norm-pcpncy-v1.0.0-20260707,NOAA nClimDiv 1991-2020 long-term monthly averages ('normals' for convenience; not NCEI Normals Program official normals)
KS,037,33.6,38.2,47.8,57.0,65.9,75.2,79.6,78.5,70.2,58.6,46.9,36.9,1.61,1.84,3.06,4.78,6.38,5.6,4.46,3.76,4.56,3.62,2.96,2.25,57.366666666666674,36.233333333333334,44.88,https://www.ncei.noaa.gov/monitoring-content/data/us/climdiv/monthly/current/climdiv-norm-tmpccy-v1.0.0-20260707,https://www.ncei.noaa.gov/monitoring-content/data/us/climdiv/monthly/current/climdiv-norm-pcpncy-v1.0.0-20260707,NOAA nClimDiv 1991-2020 long-term monthly averages ('normals' for convenience; not NCEI Normals Program official normals)
KS,043,27.2,32.1,43.3,53.7,64.0,73.5,77.3,75.6,67.4,55.4,42.3,31.4,0.83,1.2,2.17,3.64,4.98,4.71,5.12,3.91,3.5,2.98,1.9,1.37,53.599999999999994,30.23333333333333,36.31,https://www.ncei.noaa.gov/monitoring-content/data/us/climdiv/monthly/current/climdiv-norm-tmpccy-v1.0.0-20260707,https://www.ncei.noaa.gov/monitoring-content/data/us/climdiv/monthly/current/climdiv-norm-pcpncy-v1.0.0-20260707,NOAA nClimDiv 1991-2020 long-term monthly averages ('normals' for convenience; not NCEI Normals Program official normals)
KS,091,29.7,34.6,45.1,54.9,64.8,74.1,78.4,76.9,68.6,56.7,44.2,33.8,1.17,1.51,2.4,4.01,5.45,5.2,4.38,4.39,3.95,3.24,2.2,1.63,55.150000000000006,32.699999999999996,39.53,https://www.ncei.noaa.gov/monitoring-content/data/us/climdiv/monthly/current/climdiv-norm-tmpccy-v1.0.0-20260707,https://www.ncei.noaa.gov/monitoring-content/data/us/climdiv/monthly/current/climdiv-norm-pcpncy-v1.0.0-20260707,NOAA nClimDiv 1991-2020 long-term monthly averages ('normals' for convenience; not NCEI Normals Program official normals)
KS,103,29.2,34.1,44.8,54.8,64.8,74.3,78.5,76.9,68.4,56.4,43.6,33.2,1.0,1.41,2.34,3.84,5.16,5.28,4.42,4.38,3.73,3.2,1.99,1.52,54.916666666666664,32.166666666666664,38.27,https://www.ncei.noaa.gov/monitoring-content/data/us/climdiv/monthly/current/climdiv-norm-tmpccy-v1.0.0-20260707,https://www.ncei.noaa.gov/monitoring-content/data/us/climdiv/monthly/current/climdiv-norm-pcpncy-v1.0.0-20260707,NOAA nClimDiv 1991-2020 long-term monthly averages ('normals' for convenience; not NCEI Normals Program official normals)
KS,107,31.4,36.1,46.1,55.8,65.2,74.6,78.9,77.7,69.3,57.4,45.4,35.0,1.34,1.74,2.65,4.33,5.74,5.32,4.41,3.95,4.37,3.53,2.54,1.89,56.074999999999996,34.166666666666664,41.81,https://www.ncei.noaa.gov/monitoring-content/data/us/climdiv/monthly/current/climdiv-norm-tmpccy-v1.0.0-20260707,https://www.ncei.noaa.gov/monitoring-content/data/us/climdiv/monthly/current/climdiv-norm-pcpncy-v1.0.0-20260707,NOAA nClimDiv 1991-2020 long-term monthly averages ('normals' for convenience; not NCEI Normals Program official normals)
KS,121,30.3,35.2,45.5,55.1,64.9,74.2,78.6,77.1,68.8,56.9,44.6,34.2,1.24,1.6,2.51,4.13,5.67,5.31,4.19,3.98,4.2,3.37,2.36,1.78,55.449999999999996,33.233333333333334,40.34,https://www.ncei.noaa.gov/monitoring-content/data/us/climdiv/monthly/current/climdiv-norm-tmpccy-v1.0.0-20260707,https://www.ncei.noaa.gov/monitoring-content/data/us/climdiv/monthly/current/climdiv-norm-pcpncy-v1.0.0-20260707,NOAA nClimDiv 1991-2020 long-term monthly averages ('normals' for convenience; not NCEI Normals Program official normals)
KS,209,29.6,34.5,45.1,55.0,65.1,74.5,78.6,77.0,68.7,56.7,44.0,33.6,1.12,1.48,2.39,3.94,5.32,5.25,4.55,4.41,3.85,3.28,2.07,1.57,55.20000000000001,32.56666666666667,39.23,https://www.ncei.noaa.gov/monitoring-content/data/us/climdiv/monthly/current/climdiv-norm-tmpccy-v1.0.0-20260707,https://www.ncei.noaa.gov/monitoring-content/data/us/climdiv/monthly/current/climdiv-norm-pcpncy-v1.0.0-20260707,NOAA nClimDiv 1991-2020 long-term monthly averages ('normals' for convenience; not NCEI Normals Program official normals)
MO,003,26.4,31.2,42.5,53.0,63.4,72.9,76.7,74.9,66.9,54.8,41.7,30.7,0.88,1.26,2.22,3.72,5.12,4.95,5.09,4.04,3.62,3.03,1.94,1.43,52.925000000000004,29.433333333333334,37.3,https://www.ncei.noaa.gov/monitoring-content/data/us/climdiv/monthly/current/climdiv-norm-tmpccy-v1.0.0-20260707,https://www.ncei.noaa.gov/monitoring-content/data/us/climdiv/monthly/current/climdiv-norm-pcpncy-v1.0.0-20260707,NOAA nClimDiv 1991-2020 long-term monthly averages ('normals' for convenience; not NCEI Normals Program official normals)
MO,011,33.6,38.2,47.5,56.9,65.7,74.8,79.2,78.0,69.9,58.4,46.8,37.1,1.8,2.02,3.09,4.78,6.38,5.47,4.07,3.61,4.51,3.61,3.18,2.34,57.17499999999999,36.300000000000004,44.86,https://www.ncei.noaa.gov/monitoring-content/data/us/climdiv/monthly/current/climdiv-norm-tmpccy-v1.0.0-20260707,https://www.ncei.noaa.gov/monitoring-content/data/us/climdiv/monthly/current/climdiv-norm-pcpncy-v1.0.0-20260707,NOAA nClimDiv 1991-2020 long-term monthly averages ('normals' for convenience; not NCEI Normals Program official normals)
MO,013,31.5,36.3,46.0,55.8,65.3,74.6,78.9,77.6,69.3,57.4,45.6,35.3,1.54,1.89,2.83,4.54,5.92,5.29,4.52,3.87,4.39,3.45,2.84,2.07,56.133333333333326,34.36666666666667,43.15,https://www.ncei.noaa.gov/monitoring-content/data/us/climdiv/monthly/current/climdiv-norm-tmpccy-v1.0.0-20260707,https://www.ncei.noaa.gov/monitoring-content/data/us/climdiv/monthly/current/climdiv-norm-pcpncy-v1.0.0-20260707,NOAA nClimDiv 1991-2020 long-term monthly averages ('normals' for convenience; not NCEI Normals Program official normals)
MO,021,27.7,32.6,43.5,53.8,64.1,73.6,77.5,75.7,67.6,55.5,42.6,31.9,0.96,1.3,2.17,3.75,5.08,4.85,4.99,4.09,3.72,3.11,1.99,1.52,53.84166666666667,30.73333333333333,37.53,https://www.ncei.noaa.gov/monitoring-content/data/us/climdiv/monthly/current/climdiv-norm-tmpccy-v1.0.0-20260707,https://www.ncei.noaa.gov/monitoring-content/data/us/climdiv/monthly/current/climdiv-norm-pcpncy-v1.0.0-20260707,NOAA nClimDiv 1991-2020 long-term monthly averages ('normals' for convenience; not NCEI Normals Program official normals)
MO,037,30.0,35.0,45.3,55.0,64.7,73.9,78.2,76.6,68.5,56.7,44.6,34.1,1.38,1.74,2.73,4.38,5.73,5.24,4.66,4.02,4.17,3.37,2.53,1.91,55.216666666666676,33.03333333333333,41.86,https://www.ncei.noaa.gov/monitoring-content/data/us/climdiv/monthly/current/climdiv-norm-tmpccy-v1.0.0-20260707,https://www.ncei.noaa.gov/monitoring-content/data/us/climdiv/monthly/current/climdiv-norm-pcpncy-v1.0.0-20260707,NOAA nClimDiv 1991-2020 long-term monthly averages ('normals' for convenience; not NCEI Normals Program official normals)
MO,047,28.9,33.7,44.2,54.3,64.4,73.9,77.8,76.1,68.1,55.9,43.5,33.1,1.16,1.49,2.35,4.03,5.31,4.97,4.71,4.35,3.98,3.25,2.14,1.7,54.49166666666667,31.900000000000002,39.44,https://www.ncei.noaa.gov/monitoring-content/data/us/climdiv/monthly/current/climdiv-norm-tmpccy-v1.0.0-20260707,https://www.ncei.noaa.gov/monitoring-content/data/us/climdiv/monthly/current/climdiv-norm-pcpncy-v1.0.0-20260707,NOAA nClimDiv 1991-2020 long-term monthly averages ('normals' for convenience; not NCEI Normals Program official normals)
MO,087,26.2,31.0,42.6,53.1,63.7,73.3,76.9,75.0,67.0,55.0,41.6,30.5,0.72,1.12,2.14,3.56,5.0,4.84,4.95,3.93,3.39,2.81,1.8,1.3,52.99166666666667,29.233333333333334,35.56,https://www.ncei.noaa.gov/monitoring-content/data/us/climdiv/monthly/current/climdiv-norm-tmpccy-v1.0.0-20260707,https://www.ncei.noaa.gov/monitoring-content/data/us/climdiv/monthly/current/climdiv-norm-pcpncy-v1.0.0-20260707,NOAA nClimDiv 1991-2020 long-term monthly averages ('normals' for convenience; not NCEI Normals Program official normals)
MO,095,29.4,34.3,44.8,54.6,64.6,73.9,78.0,76.4,68.4,56.4,44.1,33.5,1.28,1.62,2.55,4.2,5.56,5.16,4.79,4.33,4.06,3.34,2.29,1.79,54.86666666666667,32.4,40.97,https://www.ncei.noaa.gov/monitoring-content/data/us/climdiv/monthly/current/climdiv-norm-tmpccy-v1.0.0-20260707,https://www.ncei.noaa.gov/monitoring-content/data/us/climdiv/monthly/current/climdiv-norm-pcpncy-v1.0.0-20260707,NOAA nClimDiv 1991-2020 long-term monthly averages ('normals' for convenience; not NCEI Normals Program official normals)
MO,097,34.5,39.0,48.0,57.3,65.9,74.9,79.3,78.2,70.0,58.5,47.3,37.7,1.93,2.1,3.38,4.89,6.38,5.18,3.98,3.55,4.48,3.72,3.38,2.53,57.550000000000004,37.06666666666667,45.5,https://www.ncei.noaa.gov/monitoring-content/data/us/climdiv/monthly/current/climdiv-norm-tmpccy-v1.0.0-20260707,https://www.ncei.noaa.gov/monitoring-content/data/us/climdiv/monthly/current/climdiv-norm-pcpncy-v1.0.0-20260707,NOAA nClimDiv 1991-2020 long-term monthly averages ('normals' for convenience; not NCEI Normals Program official normals)
MO,145,35.2,39.4,48.2,57.3,65.7,74.5,79.0,77.8,69.9,58.6,47.6,38.1,2.21,2.18,3.62,4.86,6.22,5.0,3.88,3.64,4.57,3.9,3.6,2.72,57.60833333333334,37.56666666666667,46.4,https://www.ncei.noaa.gov/monitoring-content/data/us/climdiv/monthly/current/climdiv-norm-tmpccy-v1.0.0-20260707,https://www.ncei.noaa.gov/monitoring-content/data/us/climdiv/monthly/current/climdiv-norm-pcpncy-v1.0.0-20260707,NOAA nClimDiv 1991-2020 long-term monthly averages ('normals' for convenience; not NCEI Normals Program official normals)
MO,165,28.9,33.7,44.4,54.6,64.7,74.2,78.1,76.5,68.3,56.2,43.4,33.0,1.03,1.35,2.29,3.94,5.23,5.09,4.69,4.42,3.75,3.23,1.99,1.55,54.666666666666664,31.866666666666664,38.56,https://www.ncei.noaa.gov/monitoring-content/data/us/climdiv/monthly/current/climdiv-norm-tmpccy-v1.0.0-20260707,https://www.ncei.noaa.gov/monitoring-content/data/us/climdiv/monthly/current/climdiv-norm-pcpncy-v1.0.0-20260707,NOAA nClimDiv 1991-2020 long-term monthly averages ('normals' for convenience; not NCEI Normals Program official normals)
MO,217,30.0,34.8,44.3,55.0,64.6,73.3,77.3,75.7,68.1,56.6,44.6,34.4,2.42,2.21,3.29,4.6,4.87,4.34,4.15,3.97,3.62,3.25,3.41,2.57,54.89166666666667,33.06666666666667,42.7,https://www.ncei.noaa.gov/monitoring-content/data/us/climdiv/monthly/current/climdiv-norm-tmpccy-v1.0.0-20260707,https://www.ncei.noaa.gov/monitoring-content/data/us/climdiv/monthly/current/climdiv-norm-pcpncy-v1.0.0-20260707,NOAA nClimDiv 1991-2020 long-term monthly averages ('normals' for convenience; not NCEI Normals Program official normals)
